{"stats":{"minecraft:picked_up":{"minecraft:leather_chestplate":1,"minecraft:chainmail_boots":2,"minecraft:leather_leggings":1,"minecraft:leather":8,"minecraft:string":1,"minecraft:armor_stand":1,"minecraft:item_frame":1,"dungeonnowloading:spawner_fragment":3,"minecraft:iron_ingot":24,"minecraft:stripped_oak_wood":3,"minecraft:player_head":2,"minecraft:spruce_slab":4,"minecraft:diamond_helmet":1,"minecraft:oak_planks":7,"minecraft:acacia_sapling":8,"minecraft:egg":1,"minecraft:oak_slab":3,"minecraft:stick":5,"simplyswords:iron_greataxe":1,"minecraft:acacia_log":32,"minecraft:gravel":9,"minecraft:spider_eye":1,"minecraft:rotten_flesh":9,"minecraft:iron_helmet":1,"minecraft:diamond_axe":1,"minecraft:golden_apple":1,"minecraft:gray_wool":1,"minecraft:glistering_melon_slice":2,"minecraft:mutton":1,"minecraft:cobblestone":1},"minecraft:dropped":{"minecraft:oak_slab":3,"minecraft:acacia_log":31,"minecraft:coal":1,"minecraft:item_frame":1,"minecraft:stick":7,"minecraft:leather_chestplate":1,"minecraft:chainmail_boots":1,"minecraft:leather_leggings":1,"minecraft:spruce_slab":2,"minecraft:armor_stand":1},"minecraft:mined":{"minecraft:oak_slab":1,"minecraft:acacia_leaves":7,"immersive_weathering:acacia_leaf_pile":1,"minecraft:player_wall_head":1,"minecraft:acacia_log":32,"minecraft:oak_planks":1,"minecraft:fire":4,"minecraft:grass":2,"minecraft:cake":1},"minecraft:killed_by":{"minecraft:husk":1},"minecraft:killed":{"minecraft:husk":12,"minecraft:sheep":1,"minecraft:zombie":2},"minecraft:custom":{"lootr:looted_stat":20,"minecraft:mob_kills":15,"minecraft:interact_with_crafting_table":3,"minecraft:interact_with_cartography_table":1,"minecraft:tune_noteblock":3,"minecraft:interact_with_loom":1,"minecraft:eat_cake_slice":2,"minecraft:leave_game":1,"minecraft:time_since_death":14000,"minecraft:sleep_in_bed":4,"minecraft:climb_one_cm":872,"minecraft:time_since_rest":2890,"minecraft:sprint_one_cm":57166,"minecraft:damage_taken":581,"minecraft:walk_one_cm":132172,"minecraft:drop":12,"minecraft:damage_dealt":8040,"minecraft:swim_one_cm":12103,"minecraft:fly_one_cm":105459,"minecraft:crouch_one_cm":425,"minecraft:play_time":31504,"minecraft:deaths":1,"minecraft:sneak_time":213,"minecraft:walk_under_water_one_cm":1164,"minecraft:interact_with_lectern":1,"minecraft:jump":524,"minecraft:interact_with_brewingstand":1,"minecraft:interact_with_blast_furnace":6,"minecraft:walk_on_water_one_cm":3708,"minecraft:total_world_time":31504,"minecraft:fall_one_cm":16101},"minecraft:used":{"minecraft:baked_potato":6,"minecraft:diamond_axe":101,"minecraft:player_head":1,"farmersdelight:flint_knife":7,"minecraft:carrot":4,"minecraft:egg":1,"minecraft:acacia_planks":3},"minecraft:crafted":{"paraglider:paraglider":1,"minecraft:crafting_table":1,"minecraft:spruce_planks":12,"vanillatweaks:crafting_pad":1,"minecraft:iron_boots":1,"minecraft:iron_chestplate":1,"minecraft:shield":1,"minecraft:stick":8,"minecraft:iron_leggings":1,"minecraft:acacia_planks":4}},"DataVersion":3465}