{"stats":{"minecraft:killed_by":{"minecraft:husk":1,"minecraft:slime":1,"minecraft:hoglin":2},"minecraft:killed":{"minecraft:spider":5,"minecraft:slime":10,"minecraft:skeleton":6,"minecraft:chicken":1,"minecraft:husk":12,"majruszsdifficulty:cursed_armor":1,"minecraft:hoglin":6,"minecraft:sheep":1,"minecraft:zombie":23,"minecraft:wither_skeleton":12},"minecraft:used":{"minecraft:shield":3,"minecraft:spruce_planks":4,"minecraft:player_head":1,"farmersdelight:flint_knife":7,"minecraft:carrot":17,"simplyswords:iron_longsword":556,"minecraft:golden_carrot":13,"minecraft:netherite_pickaxe":41,"minecraft:egg":1,"minecraft:acacia_planks":7,"minecraft:baked_potato":6,"minecraft:diamond_axe":170,"minecraft:golden_apple":7,"minecraft:tnt":3,"simplyswords:iron_greataxe":185,"minecraft:crossbow":1,"minecraft:apple":6,"minecraft:map":1,"minecraft:diamond_sword":46,"minecraft:pumpkin_pie":4},"minecraft:picked_up":{"minecraft:iron_chestplate":2,"minecraft:chainmail_boots":2,"minecraft:leather_leggings":2,"minecraft:string":3,"minecraft:item_frame":1,"minecraft:armor_stand":1,"dungeonnowloading:spawner_fragment":35,"minecraft:netherite_sword":1,"simplyswords:iron_longsword":1,"minecraft:spruce_planks":2,"minecraft:player_head":5,"minecraft:spruce_slab":4,"minecraft:egg":1,"minecraft:stick":5,"minecraft:acacia_log":32,"minecraft:porkchop":47,"minecraft:golden_chestplate":2,"minecraft:rotten_flesh":42,"minecraft:glistering_melon_slice":2,"minecraft:mutton":1,"minecraft:cobblestone":1,"minecraft:netherite_boots":3,"minecraft:leather_chestplate":1,"minecraft:feather":2,"minecraft:golden_carrot":2,"minecraft:leather":15,"paraglider:spirit_orb":14,"mythicupgrades:topaz_upgrade_smithing_template":1,"farmersdelight:flint_knife":1,"minecraft:bone":18,"minecraft:acacia_planks":4,"minecraft:iron_ingot":24,"minecraft:stripped_oak_wood":3,"minecraft:diamond_helmet":1,"minecraft:oak_planks":7,"minecraft:acacia_sapling":8,"immersive_weathering:tallow":11,"minecraft:oak_slab":3,"minecraft:cooked_porkchop":6,"simplyswords:iron_greataxe":1,"minecraft:gravel":9,"minecraft:spider_eye":2,"minecraft:dark_prismarine":3,"mythicupgrades:zircon_crystal_shard":8,"minecraft:iron_helmet":3,"minecraft:diamond_axe":1,"minecraft:gray_wool":1,"minecraft:golden_apple":1,"minecraft:coal":2},"minecraft:crafted":{"minecraft:iron_boots":1,"minecraft:netherite_boots":1,"paraglider:paraglider":1,"dungeonnowloading:spawner_frame":7,"minecraft:crafting_table":1,"minecraft:spruce_planks":12,"vanillatweaks:crafting_pad":1,"minecraft:iron_chestplate":1,"minecraft:shield":1,"minecraft:stick":8,"minecraft:iron_leggings":1,"minecraft:acacia_planks":4},"minecraft:dropped":{"minecraft:iron_ingot":11,"minecraft:oak_slab":3,"mythicupgrades:topaz_upgrade_smithing_template":2,"minecraft:diamond":64,"minecraft:iron_helmet":1,"minecraft:apple":25,"minecraft:acacia_log":31,"minecraft:coal":1,"paraglider:spirit_orb":6,"minecraft:item_frame":1,"minecraft:stick":7,"minecraft:gray_wool":1,"minecraft:golden_carrot":4,"minecraft:netherite_boots":1,"minecraft:string":2,"minecraft:acacia_planks":1,"minecraft:armor_stand":1,"minecraft:gold_ingot":64,"minecraft:bone":7,"minecraft:player_head":3,"minecraft:golden_chestplate":2,"minecraft:rotten_flesh":1,"minecraft:iron_boots":1,"dungeonnowloading:spawner_fragment":3,"minecraft:leather_chestplate":1,"farmersdelight:flint_knife":2,"minecraft:iron_chestplate":2,"minecraft:cake":1,"minecraft:acacia_sapling":8,"minecraft:chainmail_boots":2,"minecraft:leather_leggings":2,"minecraft:spider_eye":1,"immersive_weathering:tallow":11,"minecraft:spruce_slab":2},"minecraft:custom":{"minecraft:interact_with_smithing_table":1,"lootr:looted_stat":66,"minecraft:mob_kills":78,"minecraft:interact_with_crafting_table":6,"minecraft:eat_cake_slice":7,"minecraft:leave_game":2,"minecraft:time_since_death":59251,"minecraft:climb_one_cm":1994,"minecraft:sprint_one_cm":259276,"minecraft:walk_one_cm":482402,"minecraft:damage_blocked_by_shield":130,"minecraft:drop":48,"minecraft:talked_to_villager":7,"minecraft:play_time":118871,"minecraft:deaths":5,"minecraft:sneak_time":1527,"minecraft:walk_under_water_one_cm":2855,"minecraft:interact_with_lectern":1,"minecraft:jump":1751,"minecraft:interact_with_brewingstand":2,"minecraft:interact_with_blast_furnace":7,"minecraft:walk_on_water_one_cm":8982,"minecraft:total_world_time":118871,"minecraft:interact_with_furnace":1,"minecraft:interact_with_cartography_table":1,"minecraft:tune_noteblock":3,"minecraft:interact_with_loom":1,"minecraft:sleep_in_bed":5,"minecraft:time_since_rest":32092,"minecraft:damage_taken":4643,"minecraft:damage_absorbed":209,"minecraft:damage_dealt":48723,"minecraft:swim_one_cm":32635,"minecraft:fly_one_cm":417246,"minecraft:open_chest":8,"minecraft:crouch_one_cm":3693,"minecraft:interact_with_smoker":3,"minecraft:fall_one_cm":279571},"minecraft:broken":{"minecraft:netherite_helmet":1},"minecraft:mined":{"minecraft:dark_prismarine":7,"minecraft:spruce_planks":3,"minecraft:mossy_cobblestone":1,"immersive_weathering:acacia_leaf_pile":1,"minecraft:candle":1,"mythicupgrades:zircon_crystal_block":1,"mythicupgrades:zircon_crystal_cluster":3,"minecraft:acacia_log":32,"minecraft:decorated_pot":1,"minecraft:spawner":9,"minecraft:fire":4,"minecraft:acacia_wood":6,"minecraft:stone":7,"minecraft:cake":1,"minecraft:oak_slab":1,"minecraft:birch_stairs":3,"minecraft:acacia_leaves":7,"minecraft:player_wall_head":1,"minecraft:polished_andesite_stairs":1,"minecraft:cobblestone":3,"minecraft:oak_planks":1,"minecraft:birch_planks":2,"minecraft:smooth_stone_slab":2,"minecraft:grass":2,"minecraft:acacia_planks":11,"minecraft:stripped_acacia_wood":9,"minecraft:polished_andesite":5}},"DataVersion":3465}