{"stats":{"minecraft:killed_by":{"minecells:undead_archer":1,"minecraft:wither_skeleton":1,"minecells:concierge":1,"minecells:buzzcutter":1,"minecraft:hoglin":2},"minecraft:killed":{"minecells:mutated_bat":18,"minecraft:spider":16,"minecraft:vindicator":3,"minecells:undead_archer":12,"minecraft:slime":15,"minecells:sweeper":29,"minecraft:skeleton":40,"minecells:leaping_zombie":50,"minecells:protector":4,"minecells:grenadier":23,"minecraft:magma_cube":5,"minecraft:piglin":1,"minecraft:husk":12,"minecells:runner":12,"majruszsdifficulty:cursed_armor":10,"minecraft:hoglin":16,"minecraft:sheep":1,"minecraft:pillager":5,"minecraft:zombie":60,"minecraft:stray":2,"minecells:shieldbearer":33,"minecells:inquisitor":29,"minecraft:wither_skeleton":23,"minecells:buzzcutter":68,"minecraft:cow":13},"minecraft:used":{"minecraft:oak_fence":1,"simplyswords:thunderbrand":1395,"minecraft:flint_and_steel":3,"minecraft:spruce_slab":5,"minecraft:decorated_pot":2,"minecraft:chest":4,"minecraft:iron_sword":214,"minecraft:rotten_flesh":2,"minecraft:torch":18,"minecraft:dirt":2,"simplyswords:iron_katana":44,"minecraft:spruce_stairs":1,"minecraft:tuff":1,"minecraft:obsidian":4,"minecraft:dark_oak_planks":1,"minecraft:wooden_axe":63,"minecraft:oak_stairs":5,"minecraft:quartz_block":3,"minecraft:stone_brick_stairs":2,"minecraft:bow":74,"minecraft:egg":3,"minecraft:cobbled_deepslate":3,"minecells:putrid_planks":18,"minecraft:baked_potato":153,"minecraft:jungle_fence":2,"minecraft:oak_planks":24,"minecraft:wooden_pickaxe":12,"simplyswords:diamond_halberd":146,"minecraft:golden_apple":16,"minecraft:mossy_cobblestone":1,"minecraft:oak_slab":16,"minecraft:tnt":2,"simplyswords:gold_twinblade":13,"mythicupgrades:zircon_crystal_block":1,"minecraft:bread":79,"minecraft:iron_pickaxe":42,"minecraft:diamond_sword":170,"minecraft:wooden_sword":46,"minecraft:cobblestone":7,"minecraft:smooth_stone_slab":2,"minecraft:coarse_dirt":8,"mythicupgrades:sapphire_potion":2},"minecraft:picked_up":{"minecraft:chicken":1,"minecraft:flower_pot":1,"minecraft:iron_chestplate":1,"minecraft:coarse_dirt":14,"minecraft:ladder":2,"minecraft:smithing_table":1,"minecraft:stone_slab":1,"minecraft:oak_stairs":5,"minecraft:enchanted_book":3,"minecraft:stone_brick_stairs":2,"minecells:buzzcutter_fang":26,"minecraft:shield":4,"mythicupgrades:zircon_crystal_block":1,"minecraft:string":1,"minecraft:smooth_stone_slab":2,"minecraft:iron_leggings":3,"minecraft:item_frame":7,"dungeonnowloading:spawner_fragment":24,"minecraft:smooth_stone":2,"bosses_of_mass_destruction:soul_star":1,"minecraft:cobbled_deepslate":3,"minecraft:netherite_sword":1,"simplyswords:iron_longsword":1,"minecraft:spruce_planks":2,"minecells:vine_rune":2,"minecraft:player_head":7,"minecraft:spruce_slab":9,"minecraft:iron_pickaxe":1,"minecells:molten_chunk":14,"minecraft:furnace":1,"minecraft:egg":3,"minecraft:iron_boots":3,"minecells:guts":37,"minecraft:stick":5,"minecraft:raw_iron":7,"minecraft:oak_fence":1,"minecraft:bowl":6,"minecraft:torch":6,"minecraft:acacia_log":21,"minecells:monsters_eye":7,"minecraft:spruce_stairs":3,"minecells:arcane_goo":13,"minecraft:porkchop":27,"minecraft:carrot":1,"minecraft:dark_oak_planks":1,"minecraft:quartz_block":3,"minecraft:arrow":36,"minecraft:rotten_flesh":67,"minecraft:decorated_pot":2,"minecraft:gold_ingot":9,"minecells:broken_cage":1,"minecraft:white_wool":1,"minecraft:cobblestone":12,"minecraft:cooked_beef":18,"minecraft:black_bed":2,"minecraft:leather":20,"minecraft:jungle_fence":2,"minecraft:acacia_wood":2,"paraglider:spirit_orb":10,"minecraft:tuff":1,"minecraft:oak_log":4,"minecraft:gunpowder":4,"minecraft:wither_skeleton_skull":1,"minecraft:dirt":3,"lootr:trophy":1,"minecraft:name_tag":2,"minecraft:cooked_mutton":3,"minecells:putrid_planks":18,"minecraft:bone":15,"minecraft:apple":20,"minecraft:bow":1,"minecraft:wheat_seeds":1,"minecraft:spruce_wood":3,"minecraft:iron_ingot":24,"minecraft:cobweb":1,"minecraft:diamond_helmet":1,"minecraft:glass_bottle":1,"minecraft:iron_sword":3,"minecraft:oak_planks":14,"minecraft:acacia_sapling":6,"immersive_weathering:tallow":62,"minecraft:book":9,"minecraft:oak_slab":22,"minecraft:cooked_porkchop":5,"minecells:monster_cell":106,"minecells:infected_flesh":42,"minecraft:white_bed":2,"minecraft:spider_eye":1,"minecells:metal_shards":22,"minecraft:mossy_cobblestone":2,"minecells:ramparts_dimensional_rune":1,"minecraft:polished_andesite":1,"mythicupgrades:zircon_crystal_shard":4,"minecraft:slime_ball":2,"minecraft:diamond":1,"minecells:explosive_bulb":4,"minecraft:writable_book":1,"minecraft:painting":2,"minecells:bloomrock":1,"minecraft:golden_apple":2,"soulsweapons:verglas":2,"minecraft:bread":1,"minecraft:emerald":10,"minecraft:baked_potato":64,"minecraft:melon_seeds":3,"minecraft:coal":3,"minecells:boss_stem_cell":1},"minecraft:crafted":{"minecraft:wooden_sword":1,"minecraft:oak_planks":16,"inmis:baby_backpack":1,"inmis:bejeweled_backpack":1,"minecraft:iron_boots":2,"minecraft:chest":5,"paraglider:paraglider":1,"minecraft:crafting_table":1,"minecraft:wooden_pickaxe":1,"vanillatweaks:crafting_pad":1,"minecraft:iron_helmet":2,"minecraft:stick":16,"minecraft:iron_pickaxe":1,"minecraft:wooden_axe":1,"minecraft:gold_ingot":7,"minecraft:iron_leggings":2,"minecraft:acacia_planks":84,"minecraft:torch":12},"minecraft:custom":{"lootr:looted_stat":303,"minecraft:interact_with_anvil":3,"minecraft:mob_kills":514,"minecraft:interact_with_crafting_table":4,"minecraft:leave_game":1,"minecraft:time_since_death":69633,"minecraft:climb_one_cm":58607,"minecraft:damage_resisted":12,"minecraft:sprint_one_cm":1967920,"minecraft:walk_one_cm":1144341,"minecraft:drop":140,"minecraft:play_time":445742,"minecraft:deaths":9,"minecraft:sneak_time":11581,"minecraft:walk_under_water_one_cm":15201,"minecraft:interact_with_lectern":2,"minecraft:jump":5422,"minecraft:interact_with_brewingstand":3,"minecraft:walk_on_water_one_cm":27343,"minecraft:total_world_time":445742,"minecraft:interact_with_furnace":2,"minecraft:sleep_in_bed":4,"minecraft:time_since_rest":28184,"minecraft:damage_taken":13221,"minecraft:damage_absorbed":605,"minecraft:damage_dealt":191607,"minecraft:swim_one_cm":107954,"minecraft:fly_one_cm":1396119,"minecraft:open_chest":42,"minecraft:crouch_one_cm":38532,"minecraft:fall_one_cm":460087},"minecraft:dropped":{"minecraft:enchanted_book":3,"minecraft:iron_ingot":4,"minecraft:bread":7,"minecraft:iron_sword":1,"minecraft:acacia_wood":2,"minecraft:wheat_seeds":1,"minecraft:porkchop":20,"minecraft:baked_potato":103,"minecraft:mossy_cobblestone":1,"minecraft:diamond":8,"minecraft:glass_bottle":2,"simplyswords:iron_greataxe":1,"mythicupgrades:zircon_crystal_shard":4,"minecraft:cooked_porkchop":5,"minecraft:book":6,"minecraft:cobblestone":5,"simplyswords:diamond_halberd":1,"minecraft:leather":3,"minecraft:apple":20,"minecraft:coal":1,"minecraft:polished_andesite":1,"minecraft:cod":10,"paraglider:spirit_orb":2,"minecraft:item_frame":7,"minecraft:stick":7,"minecraft:cobweb":1,"minecraft:dirt":1,"minecells:infected_flesh":29,"minecells:explosive_bulb":4,"minecraft:iron_leggings":2,"minecraft:writable_book":1,"minecells:metal_shards":9,"farmersdelight:bacon":8,"minecraft:gold_nugget":12,"minecells:molten_chunk":14,"minecells:buzzcutter_fang":26,"minecraft:iron_pickaxe":4,"minecraft:smooth_stone":2,"minecraft:string":1,"minecraft:acacia_planks":24,"minecraft:gold_ingot":9,"minecraft:bone":8,"minecraft:furnace":1,"minecraft:player_head":5,"minecraft:coarse_dirt":1,"minecraft:bowl":12,"minecraft:raw_iron":1,"minecraft:chicken":1,"minecraft:rotten_flesh":56,"minecraft:iron_boots":3,"minecraft:name_tag":2,"minecraft:white_bed":1,"minecraft:carrot":1,"minecells:monster_cell":22,"minecraft:flint_and_steel":1,"minecraft:filled_map":1,"minecraft:diamond_sword":1,"minecraft:shield":2,"minecraft:flower_pot":1,"minecraft:gunpowder":3,"minecraft:spruce_planks":6,"minecraft:iron_chestplate":1,"minecraft:melon_seeds":3,"minecraft:acacia_sapling":4,"simplyswords:iron_longsword":2,"minecells:guts":30,"minecraft:spider_eye":1,"minecraft:painting":2,"immersive_weathering:tallow":62,"minecraft:spruce_slab":4,"minecraft:arrow":3,"mythicupgrades:aquamarine_potion":1},"minecraft:broken":{"minecraft:iron_boots":1,"minecraft:iron_leggings":2,"minecraft:iron_helmet":2},"minecraft:mined":{"minecraft:tuff":1,"minecraft:white_bed":1,"minecraft:mossy_cobblestone":1,"immersive_weathering:acacia_leaf_pile":6,"minecraft:jungle_leaves":3,"minecells:putrid_log":2,"minecraft:ladder":2,"minecraft:acacia_log":21,"minecraft:decorated_pot":2,"minecraft:brick_stairs":1,"minecraft:moss_block":1,"minecraft:spawner":2,"minecraft:furnace":1,"minecraft:fire":2,"minecraft:iron_ore":1,"minecraft:cobbled_deepslate":5,"minecraft:acacia_wood":2,"minecraft:oak_stairs":6,"minecraft:stone":10,"minecraft:spruce_slab":3,"immersive_weathering:oak_leaf_pile":3,"minecraft:smithing_table":1,"minecraft:oak_slab":14,"minecraft:acacia_leaves":7,"minecraft:quartz_block":4,"immersive_weathering:icicle":1,"minecells:wilted_leaves":1,"minecraft:oak_fence":2,"dungeonnowloading:dungeon_wall_torch":1,"minecraft:torch":2,"minecraft:stone_slab":1,"minecraft:tall_grass":3,"minecraft:cobblestone":14,"minecraft:oak_planks":13,"minecraft:wall_torch":3,"minecraft:spruce_stairs":1,"minecraft:coarse_dirt":9,"minecraft:jungle_fence":2,"minecraft:black_bed":1,"minecraft:stone_brick_stairs":2,"minecraft:smooth_stone_slab":4,"minecraft:grass":4,"minecraft:oak_log":4,"minecraft:dirt":5,"minecells:bloomrock_wilted_grass_block":1,"minecraft:deepslate_emerald_ore":1,"minecraft:oak_leaves":1,"soulsweapons:verglas_ore":2}},"DataVersion":3465}