{"stats":{"minecraft:used":{"minecraft:oak_fence":1,"minecraft:flint_and_steel":2,"minecraft:spruce_slab":5,"minecraft:decorated_pot":2,"minecraft:chest":4,"minecraft:iron_sword":214,"minecraft:rotten_flesh":2,"minecraft:torch":15,"minecraft:dirt":2,"simplyswords:iron_katana":44,"minecraft:spruce_stairs":1,"minecraft:tuff":1,"minecraft:wooden_axe":61,"minecraft:dark_oak_planks":1,"minecraft:oak_stairs":5,"minecraft:quartz_block":3,"minecraft:stone_brick_stairs":2,"minecraft:bow":7,"minecraft:egg":3,"minecraft:cobbled_deepslate":3,"minecraft:jungle_fence":2,"minecraft:baked_potato":62,"minecraft:oak_planks":24,"minecraft:wooden_pickaxe":12,"simplyswords:diamond_halberd":87,"minecraft:mossy_cobblestone":1,"minecraft:tnt":2,"minecraft:oak_slab":16,"simplyswords:gold_twinblade":13,"minecraft:bread":6,"minecraft:iron_pickaxe":40,"minecraft:wooden_sword":46,"minecraft:cobblestone":7,"minecraft:smooth_stone_slab":2,"minecraft:coarse_dirt":8},"minecraft:mined":{"minecraft:tuff":1,"minecraft:mossy_cobblestone":1,"minecraft:jungle_leaves":3,"minecraft:ladder":2,"minecraft:acacia_log":16,"minecraft:decorated_pot":2,"minecraft:brick_stairs":1,"minecraft:moss_block":1,"minecraft:spawner":1,"minecraft:furnace":1,"minecraft:iron_ore":1,"minecraft:cobbled_deepslate":5,"minecraft:acacia_wood":2,"minecraft:oak_stairs":6,"minecraft:stone":10,"minecraft:spruce_slab":3,"immersive_weathering:oak_leaf_pile":3,"minecraft:smithing_table":1,"minecraft:oak_slab":14,"minecraft:acacia_leaves":7,"immersive_weathering:icicle":1,"minecraft:quartz_block":4,"minecraft:oak_fence":2,"minecraft:torch":2,"minecraft:stone_slab":1,"minecraft:cobblestone":14,"minecraft:oak_planks":13,"minecraft:wall_torch":3,"minecraft:spruce_stairs":1,"minecraft:coarse_dirt":9,"minecraft:jungle_fence":2,"minecraft:black_bed":1,"minecraft:stone_brick_stairs":2,"minecraft:smooth_stone_slab":4,"minecraft:grass":1,"minecraft:oak_log":4,"minecraft:dirt":3,"minecells:bloomrock_wilted_grass_block":1,"minecraft:oak_leaves":1,"minecraft:deepslate_emerald_ore":1,"soulsweapons:verglas_ore":2},"minecraft:picked_up":{"minecraft:coarse_dirt":14,"minecraft:ladder":2,"minecraft:smithing_table":1,"minecraft:stone_slab":1,"minecraft:oak_stairs":5,"minecraft:stone_brick_stairs":2,"minecraft:shield":2,"minecraft:smooth_stone_slab":2,"minecraft:iron_leggings":1,"dungeonnowloading:spawner_fragment":4,"minecraft:cobbled_deepslate":3,"minecraft:spruce_slab":5,"minecraft:egg":3,"minecraft:furnace":1,"minecraft:raw_iron":1,"minecells:guts":6,"minecraft:stick":5,"minecraft:oak_fence":1,"minecraft:torch":6,"minecraft:acacia_log":16,"minecraft:spruce_stairs":3,"minecells:monsters_eye":4,"minecraft:dark_oak_planks":1,"minecraft:quartz_block":3,"minecraft:arrow":8,"minecraft:rotten_flesh":15,"minecraft:decorated_pot":2,"minecraft:white_wool":1,"minecraft:cobblestone":8,"minecraft:cooked_beef":18,"minecraft:black_bed":2,"minecraft:leather":6,"minecraft:jungle_fence":2,"minecraft:acacia_wood":2,"paraglider:spirit_orb":4,"minecraft:tuff":1,"minecraft:oak_log":4,"minecraft:dirt":3,"lootr:trophy":1,"minecraft:cooked_mutton":3,"minecraft:bone":6,"minecraft:apple":20,"minecraft:acacia_sapling":6,"minecraft:oak_planks":14,"minecraft:iron_sword":2,"minecraft:book":3,"minecraft:oak_slab":22,"minecells:monster_cell":17,"minecells:infected_flesh":18,"minecells:metal_shards":3,"minecraft:mossy_cobblestone":1,"minecells:bloomrock":1,"soulsweapons:verglas":2,"minecraft:emerald":2},"minecraft:killed":{"minecraft:vindicator":3,"minecraft:spider":1,"minecells:undead_archer":10,"minecraft:skeleton":5,"minecells:leaping_zombie":27,"minecells:grenadier":11,"minecraft:husk":1,"minecells:runner":2,"majruszsdifficulty:cursed_armor":1,"minecraft:sheep":1,"minecraft:pillager":5,"minecraft:zombie":3,"minecells:shieldbearer":3,"minecraft:cow":7},"minecraft:custom":{"lootr:looted_stat":117,"minecraft:mob_kills":86,"minecraft:time_since_death":155119,"minecraft:climb_one_cm":13620,"minecraft:sprint_one_cm":818374,"minecraft:walk_one_cm":269754,"minecraft:drop":33,"minecraft:play_time":155119,"minecraft:sneak_time":7023,"minecraft:walk_under_water_one_cm":13577,"minecraft:jump":2327,"minecraft:interact_with_brewingstand":1,"minecraft:walk_on_water_one_cm":22109,"minecraft:total_world_time":155119,"minecraft:interact_with_furnace":2,"minecraft:sleep_in_bed":1,"minecraft:time_since_rest":114084,"minecraft:damage_taken":2337,"minecraft:damage_dealt":23167,"minecraft:swim_one_cm":92798,"minecraft:fly_one_cm":396277,"minecraft:open_chest":17,"minecraft:crouch_one_cm":20738,"minecraft:fall_one_cm":49479},"minecraft:crafted":{"minecraft:wooden_sword":1,"minecraft:oak_planks":16,"inmis:baby_backpack":1,"minecraft:iron_boots":1,"minecraft:chest":5,"paraglider:paraglider":1,"minecraft:crafting_table":1,"minecraft:wooden_pickaxe":1,"vanillatweaks:crafting_pad":1,"minecraft:iron_helmet":1,"minecraft:stick":16,"minecraft:iron_pickaxe":1,"minecraft:wooden_axe":1,"minecraft:gold_ingot":7,"minecraft:iron_leggings":1,"minecraft:acacia_planks":64,"minecraft:torch":12},"minecraft:dropped":{"minecraft:bread":6,"minecraft:iron_sword":1,"minecraft:acacia_wood":2,"minecraft:cobblestone":1,"minecraft:apple":20,"paraglider:spirit_orb":2,"minecraft:cod":10,"minecraft:stick":2,"minecraft:dirt":1,"minecells:infected_flesh":7,"farmersdelight:bacon":8,"minecraft:iron_pickaxe":2,"minecraft:acacia_planks":4,"minecraft:bone":2,"minecraft:furnace":1,"minecraft:coarse_dirt":1,"minecraft:raw_iron":1,"minecraft:rotten_flesh":5,"minecraft:iron_boots":1,"minecraft:shield":1,"minecraft:acacia_sapling":4}},"DataVersion":3465}