{"stats":{"minecraft:used":{"minecraft:oak_fence":1,"minecraft:baked_potato":42,"minecraft:spruce_slab":5,"minecraft:jungle_fence":2,"minecraft:oak_planks":22,"minecraft:chest":4,"minecraft:decorated_pot":2,"minecraft:wooden_pickaxe":12,"minecraft:iron_sword":128,"minecraft:rotten_flesh":2,"minecraft:torch":15,"minecraft:mossy_cobblestone":1,"minecraft:dirt":2,"minecraft:oak_slab":16,"minecraft:tnt":2,"minecraft:spruce_stairs":1,"minecraft:tuff":1,"minecraft:dark_oak_planks":1,"minecraft:wooden_axe":59,"minecraft:oak_stairs":5,"minecraft:bread":6,"minecraft:iron_pickaxe":37,"minecraft:quartz_block":3,"minecraft:stone_brick_stairs":2,"minecraft:wooden_sword":46,"minecraft:cobblestone":7,"minecraft:bow":7,"minecraft:smooth_stone_slab":2,"minecraft:egg":3,"minecraft:coarse_dirt":8,"minecraft:cobbled_deepslate":3,"minecraft:flint_and_steel":2},"minecraft:mined":{"minecraft:smithing_table":1,"minecraft:oak_slab":14,"minecraft:tuff":1,"minecraft:acacia_leaves":7,"minecraft:mossy_cobblestone":1,"minecraft:quartz_block":4,"immersive_weathering:icicle":1,"minecraft:oak_fence":2,"minecraft:torch":2,"minecraft:ladder":2,"minecraft:acacia_log":16,"minecraft:decorated_pot":2,"minecraft:brick_stairs":1,"minecraft:stone_slab":1,"minecraft:cobblestone":14,"minecraft:oak_planks":11,"minecraft:moss_block":1,"minecraft:wall_torch":3,"minecraft:spawner":1,"minecraft:spruce_stairs":1,"minecraft:coarse_dirt":9,"minecraft:furnace":1,"minecraft:iron_ore":1,"minecraft:cobbled_deepslate":5,"minecraft:acacia_wood":2,"minecraft:jungle_fence":2,"minecraft:black_bed":1,"minecraft:stone_brick_stairs":2,"minecraft:smooth_stone_slab":4,"minecraft:oak_log":4,"minecraft:oak_stairs":6,"minecraft:dirt":3,"minecraft:stone":10,"minecraft:deepslate_emerald_ore":1,"minecraft:oak_leaves":1,"minecraft:spruce_slab":3,"soulsweapons:verglas_ore":2,"immersive_weathering:oak_leaf_pile":3},"minecraft:picked_up":{"minecraft:coarse_dirt":14,"minecraft:cooked_beef":18,"minecraft:ladder":2,"minecraft:stone_slab":1,"minecraft:black_bed":2,"minecraft:leather":6,"minecraft:smithing_table":1,"minecraft:jungle_fence":2,"minecraft:acacia_wood":2,"minecraft:oak_stairs":5,"paraglider:spirit_orb":4,"minecraft:tuff":1,"minecraft:stone_brick_stairs":2,"minecraft:oak_log":4,"minecraft:dirt":3,"minecraft:smooth_stone_slab":2,"minecraft:iron_leggings":1,"minecraft:cooked_mutton":3,"minecraft:bone":6,"dungeonnowloading:spawner_fragment":4,"minecraft:cobbled_deepslate":3,"minecraft:spruce_slab":5,"minecraft:iron_sword":2,"minecraft:oak_planks":12,"minecraft:acacia_sapling":6,"minecraft:furnace":1,"minecraft:egg":3,"minecraft:book":3,"minecraft:oak_slab":22,"minecraft:stick":5,"minecraft:raw_iron":1,"minecraft:oak_fence":1,"minecraft:torch":5,"minecraft:acacia_log":16,"minecraft:spruce_stairs":3,"minecraft:dark_oak_planks":1,"minecraft:mossy_cobblestone":1,"minecraft:quartz_block":3,"minecraft:arrow":8,"minecraft:rotten_flesh":6,"minecraft:decorated_pot":2,"soulsweapons:verglas":2,"minecraft:emerald":2,"minecraft:white_wool":1,"minecraft:cobblestone":8},"minecraft:killed":{"minecraft:husk":1,"minecraft:spider":1,"minecraft:vindicator":3,"majruszsdifficulty:cursed_armor":1,"minecraft:skeleton":5,"minecraft:sheep":1,"minecraft:pillager":5,"minecraft:zombie":3,"minecraft:cow":7},"minecraft:crafted":{"paraglider:paraglider":1,"minecraft:wooden_sword":1,"minecraft:oak_planks":16,"minecraft:crafting_table":1,"inmis:baby_backpack":1,"vanillatweaks:crafting_pad":1,"minecraft:wooden_pickaxe":1,"minecraft:iron_helmet":1,"minecraft:iron_boots":1,"minecraft:stick":16,"minecraft:iron_pickaxe":1,"minecraft:wooden_axe":1,"minecraft:chest":5,"minecraft:iron_leggings":1,"minecraft:gold_ingot":7,"minecraft:acacia_planks":64,"minecraft:torch":12},"minecraft:dropped":{"minecraft:bread":6,"minecraft:furnace":1,"minecraft:iron_sword":1,"minecraft:acacia_wood":2,"minecraft:coarse_dirt":1,"minecraft:raw_iron":1,"minecraft:cobblestone":1,"minecraft:rotten_flesh":2,"minecraft:iron_boots":1,"paraglider:spirit_orb":2,"minecraft:cod":10,"minecraft:stick":2,"minecraft:dirt":1,"minecraft:acacia_sapling":2,"farmersdelight:bacon":8,"minecraft:acacia_planks":4,"minecraft:bone":2},"minecraft:custom":{"lootr:looted_stat":28,"minecraft:interact_with_furnace":2,"minecraft:mob_kills":33,"minecraft:time_since_death":119119,"minecraft:sleep_in_bed":1,"minecraft:climb_one_cm":8687,"minecraft:time_since_rest":78084,"minecraft:sprint_one_cm":534539,"minecraft:damage_taken":1555,"minecraft:walk_one_cm":188954,"minecraft:drop":24,"minecraft:damage_dealt":8325,"minecraft:swim_one_cm":92798,"minecraft:fly_one_cm":352990,"minecraft:open_chest":10,"minecraft:crouch_one_cm":20738,"minecraft:play_time":119119,"minecraft:sneak_time":7022,"minecraft:walk_under_water_one_cm":13577,"minecraft:jump":2065,"minecraft:interact_with_brewingstand":1,"minecraft:walk_on_water_one_cm":22109,"minecraft:total_world_time":119119,"minecraft:fall_one_cm":45153}},"DataVersion":3465}