{"stats":{"minecraft:picked_up":{"minecraft:leather_chestplate":1,"minecraft:feather":3,"minecraft:cooked_beef":10,"minecraft:chainmail_boots":1,"minecraft:magma_cream":1,"minecraft:brown_wool":2,"minecraft:leather_leggings":1,"minecraft:leather":11,"paraglider:spirit_orb":18,"minecraft:oak_log":18,"minecraft:string":5,"minecraft:name_tag":2,"minecraft:armor_stand":1,"minecraft:cooked_mutton":5,"minecraft:item_frame":1,"minecraft:bone":39,"minecraft:cyan_carpet":1,"dungeonnowloading:spawner_fragment":37,"minecraft:wheat_seeds":1,"bosses_of_mass_destruction:soul_star":1,"minecraft:iron_ingot":3,"minecraft:cooked_chicken":4,"minecraft:player_head":6,"minecraft:iron_pickaxe":1,"minecraft:diamond_helmet":1,"minecraft:egg":1,"immersive_weathering:tallow":24,"minecraft:tipped_arrow":1,"minecraft:stick":2,"minecraft:stripped_mangrove_wood":2,"minecraft:cooked_porkchop":14,"minecraft:acacia_log":1,"minecraft:cyan_bed":1,"minecraft:arrow":30,"minecraft:rotten_flesh":28,"simplyswords:diamond_halberd":2,"mythicupgrades:aquamarine_potion":1,"minecraft:painting":1,"minecraft:baked_potato":10,"minecraft:oak_sapling":1,"minecraft:netherrack":2,"minecraft:coal":1,"minecraft:white_wool":2},"minecraft:dropped":{"minecraft:iron_ingot":23,"minecraft:wheat_seeds":1,"minecraft:player_head":3,"minecraft:glass_bottle":1,"minecraft:iron_helmet":1,"minecraft:feather":3,"minecraft:rotten_flesh":2,"simplyswords:diamond_halberd":1,"minecraft:leather":8,"minecraft:acacia_log":1,"minecraft:flint_and_steel":1,"paraglider:spirit_orb":2,"minecraft:item_frame":1,"minecraft:stick":4,"minecraft:leather_chestplate":1,"minecraft:brown_wool":2,"minecraft:chainmail_boots":1,"minecraft:leather_leggings":1,"immersive_weathering:tallow":24,"minecraft:painting":1,"minecraft:iron_pickaxe":1,"minecraft:magma_cream":1,"minecraft:string":5,"minecraft:cyan_bed":1,"minecraft:white_wool":2,"minecraft:netherrack":2,"minecraft:cyan_carpet":1,"minecraft:armor_stand":1,"minecraft:egg":1},"minecraft:mined":{"minecraft:acacia_log":1,"minecraft:spawner":8,"minecraft:fire":2,"minecraft:grass":7,"minecraft:polished_deepslate":1,"minecraft:oak_log":23,"minecraft:cyan_carpet":1,"minecraft:stripped_mangrove_wood":2,"minecraft:netherrack":4,"minecraft:oak_leaves":1},"minecraft:killed_by":{"minecraft:husk":1},"minecraft:killed":{"minecraft:magma_cube":8,"minecraft:piglin":1,"minecraft:husk":2,"minecraft:pig":8,"minecraft:zombified_piglin":20,"minecraft:spider":4,"minecraft:sheep":3,"minecraft:skeleton":15,"minecraft:zombie":6,"minecraft:chicken":4,"minecraft:stray":1,"minecraft:llama":4,"minecraft:cow":5},"minecraft:custom":{"lootr:looted_stat":39,"minecraft:mob_kills":83,"minecraft:interact_with_crafting_table":4,"minecraft:eat_cake_slice":2,"minecraft:leave_game":1,"minecraft:time_since_death":13957,"minecraft:sleep_in_bed":3,"minecraft:climb_one_cm":7625,"minecraft:damage_resisted":120,"minecraft:time_since_rest":2890,"minecraft:sprint_one_cm":283039,"minecraft:damage_absorbed":8,"minecraft:damage_taken":2316,"minecraft:walk_one_cm":134697,"minecraft:drop":36,"minecraft:damage_dealt":25372,"minecraft:swim_one_cm":4278,"minecraft:fly_one_cm":342430,"minecraft:crouch_one_cm":766,"minecraft:deaths":1,"minecraft:play_time":70436,"minecraft:sneak_time":896,"minecraft:walk_under_water_one_cm":2516,"minecraft:jump":1242,"minecraft:walk_on_water_one_cm":10701,"minecraft:total_world_time":70436,"minecraft:fall_one_cm":30719},"minecraft:crafted":{"paraglider:paraglider":1,"minecraft:oak_planks":24,"dungeonnowloading:spawner_frame":9,"minecraft:crafting_table":2,"vanillatweaks:crafting_pad":1,"minecraft:mangrove_planks":8,"minecraft:flint_and_steel":2,"dungeonnowloading:spawner_chestplate":1,"minecraft:iron_boots":1,"minecraft:iron_axe":1,"minecraft:stick":12,"minecraft:iron_pickaxe":1,"minecraft:iron_leggings":1},"minecraft:used":{"minecraft:cooked_mutton":5,"minecraft:flint_and_steel":3,"minecraft:oak_planks":2,"minecraft:baked_potato":10,"simplyswords:diamond_halberd":288,"minecraft:tnt":2,"minecraft:crafting_table":1,"minecraft:obsidian":2,"minecraft:apple":9,"minecraft:iron_axe":21,"minecraft:iron_pickaxe":22,"minecraft:potion":3,"minecraft:pumpkin_pie":4,"minecraft:cooked_beef":10}},"DataVersion":3465}