{"stats":{"minecraft:killed_by":{"minecraft:husk":1,"minecraft:hoglin":1,"minecraft:zombie":1},"minecraft:killed":{"minecraft:zombified_piglin":20,"minecraft:spider":5,"minecraft:skeleton":24,"minecraft:chicken":5,"minecraft:llama":4,"minecraft:magma_cube":8,"minecraft:piglin":1,"minecraft:husk":3,"minecraft:pig":9,"minecraft:hoglin":16,"minecraft:sheep":4,"minecraft:zombie":30,"minecraft:stray":1,"minecraft:wither_skeleton":39,"minecraft:cow":5},"minecraft:used":{"minecraft:flint_and_steel":8,"mythicupgrades:topaz_potion":2,"mythicupgrades:aquamarine_potion":2,"minecraft:obsidian":2,"minecraft:iron_axe":67,"minecraft:golden_carrot":21,"minecraft:cooked_beef":10,"minecraft:enchanted_golden_apple":1,"minecraft:cooked_mutton":5,"minecraft:water_bucket":7,"minecraft:polished_andesite":2,"minecraft:baked_potato":10,"minecraft:oak_planks":2,"simplyswords:diamond_halberd":1423,"simplyswords:gold_greathammer":23,"minecraft:golden_apple":9,"minecraft:tnt":2,"minecraft:crafting_table":1,"simplyswords:gold_twinblade":23,"minecraft:cake":1,"minecraft:dark_prismarine":4,"minecraft:apple":9,"minecraft:bread":6,"minecraft:iron_pickaxe":50,"minecraft:diamond_sword":186,"minecraft:potion":4,"minecraft:cooked_porkchop":11,"minecraft:bucket":7,"minecraft:pumpkin_pie":14,"minecraft:experience_bottle":16},"minecraft:picked_up":{"minecraft:splash_potion":1,"minecraft:chainmail_boots":1,"minecraft:leather_leggings":1,"minecraft:diamond_sword":1,"minecraft:stone_brick_wall":1,"minecraft:string":7,"minecraft:smooth_stone_slab":1,"minecraft:iron_leggings":1,"minecraft:item_frame":1,"minecraft:armor_stand":1,"dungeonnowloading:spawner_fragment":78,"minecraft:cyan_carpet":1,"minecraft:smooth_stone":8,"minecraft:candle":1,"bosses_of_mass_destruction:soul_star":2,"minecraft:spruce_planks":2,"minecraft:player_head":14,"minecraft:calcite":1,"minecraft:iron_pickaxe":1,"minecraft:spruce_slab":8,"minecraft:egg":1,"minecraft:tipped_arrow":1,"minecraft:stick":2,"minecraft:stripped_mangrove_wood":2,"minecraft:bowl":6,"minecraft:acacia_log":20,"minecraft:porkchop":3,"minecraft:cake":1,"minecraft:arrow":45,"minecraft:rotten_flesh":42,"simplyswords:diamond_halberd":2,"minecraft:saddle":1,"minecraft:gold_ingot":64,"minecraft:white_wool":2,"minecraft:cobblestone":14,"minecraft:netherite_boots":1,"minecraft:leather_chestplate":1,"minecraft:feather":3,"minecraft:cooked_beef":10,"minecraft:magma_cream":1,"minecraft:leather":24,"minecraft:brown_wool":2,"minecraft:golden_leggings":1,"minecraft:acacia_wood":6,"minecraft:potato":2,"paraglider:spirit_orb":38,"minecraft:oak_log":22,"minecraft:wither_skeleton_skull":1,"minecraft:dirt":1,"minecraft:name_tag":3,"minecraft:cooked_mutton":7,"minecraft:bone":71,"minecraft:wheat_seeds":11,"minecraft:iron_ingot":3,"minecraft:cooked_chicken":5,"minecraft:diamond_helmet":1,"minecraft:glass_bottle":6,"minecraft:acacia_sapling":4,"immersive_weathering:tallow":88,"minecraft:polished_andesite_stairs":1,"minecraft:cooked_porkchop":34,"minecraft:stripped_acacia_wood":3,"minecraft:cyan_bed":1,"minecraft:spider_eye":2,"minecraft:mossy_cobblestone":2,"minecraft:dark_prismarine":4,"minecraft:polished_andesite":4,"minecraft:slime_ball":1,"minecraft:diamond":64,"mythicupgrades:aquamarine_potion":1,"minecraft:painting":1,"minecraft:gray_wool":1,"simplyswords:gold_twinblade":1,"minecraft:emerald":4,"minecraft:baked_potato":10,"minecraft:oak_sapling":2,"minecraft:melon_seeds":1,"minecraft:netherrack":2,"majruszsdifficulty:tattered_chestplate":1,"minecraft:coal":4},"minecraft:crafted":{"minecraft:oak_planks":40,"inmis:gilded_backpack":1,"inmis:bejeweled_backpack":1,"minecraft:flint_and_steel":2,"minecraft:iron_boots":2,"minecraft:iron_axe":1,"minecraft:chest":1,"paraglider:paraglider":1,"dungeonnowloading:spawner_frame":18,"minecraft:crafting_table":2,"vanillatweaks:crafting_pad":1,"minecraft:mangrove_planks":8,"dungeonnowloading:spawner_chestplate":1,"inmis:plated_backpack":1,"minecraft:shield":1,"minecraft:stick":12,"minecraft:iron_pickaxe":1,"minecraft:iron_leggings":1,"inmis:frayed_backpack":1,"minecraft:acacia_planks":8},"minecraft:custom":{"lootr:looted_stat":78,"minecraft:mob_kills":184,"minecraft:interact_with_crafting_table":4,"minecraft:eat_cake_slice":5,"minecraft:leave_game":2,"minecraft:time_since_death":69181,"minecraft:climb_one_cm":7915,"minecraft:damage_resisted":334,"minecraft:sprint_one_cm":454683,"minecraft:walk_one_cm":524388,"minecraft:drop":97,"minecraft:play_time":161343,"minecraft:deaths":3,"minecraft:sneak_time":3575,"minecraft:walk_under_water_one_cm":9959,"minecraft:jump":3107,"minecraft:walk_on_water_one_cm":25318,"minecraft:total_world_time":161343,"minecraft:sleep_in_bed":4,"minecraft:time_since_rest":33576,"minecraft:damage_taken":7053,"minecraft:damage_absorbed":474,"minecraft:damage_dealt":110063,"minecraft:swim_one_cm":4278,"minecraft:fly_one_cm":706382,"minecraft:open_chest":11,"minecraft:crouch_one_cm":4927,"minecraft:fall_one_cm":115560},"minecraft:dropped":{"minecraft:iron_ingot":23,"minecraft:acacia_wood":1,"minecraft:candle":1,"minecraft:porkchop":2,"minecraft:wheat_seeds":10,"minecraft:oak_log":12,"minecraft:mossy_cobblestone":2,"minecraft:glass_bottle":10,"minecraft:iron_helmet":1,"minecraft:feather":3,"minecraft:cobblestone":14,"simplyswords:diamond_halberd":1,"minecraft:leather":9,"minecraft:acacia_log":15,"minecraft:stick":4,"paraglider:spirit_orb":7,"minecraft:item_frame":1,"minecraft:brown_wool":2,"minecraft:netherite_boots":1,"minecraft:iron_leggings":1,"minecraft:iron_pickaxe":1,"minecraft:smooth_stone":8,"minecraft:string":5,"minecraft:white_wool":2,"minecraft:cyan_carpet":1,"minecraft:armor_stand":1,"minecraft:bone":2,"minecraft:player_head":7,"minecraft:bowl":6,"minecraft:rotten_flesh":27,"minecraft:wither_skeleton_skull":1,"minecraft:oak_planks":16,"minecraft:name_tag":2,"minecraft:cooked_mutton":1,"minecraft:flint_and_steel":1,"minecraft:leather_chestplate":1,"minecraft:spruce_planks":2,"minecraft:melon_seeds":1,"minecraft:chainmail_boots":1,"minecraft:leather_leggings":1,"immersive_weathering:tallow":87,"minecraft:painting":1,"minecraft:spruce_slab":8,"minecraft:magma_cream":1,"minecraft:cyan_bed":1,"minecraft:splash_potion":1,"minecraft:netherrack":2,"minecraft:egg":1},"minecraft:broken":{"minecraft:iron_boots":1,"simplyswords:diamond_halberd":1,"simplyswords:gold_twinblade":1,"simplyswords:gold_greathammer":1},"minecraft:mined":{"minecraft:dark_prismarine":9,"minecraft:spruce_planks":1,"immersive_weathering:acacia_leaf_pile":1,"minecraft:acacia_log":22,"minecraft:spawner":14,"minecraft:fire":2,"minecraft:acacia_wood":8,"minecraft:polished_deepslate":1,"minecraft:smooth_quartz_stairs":1,"minecraft:stripped_mangrove_wood":2,"minecraft:spruce_slab":4,"minecraft:calcite":5,"minecraft:polished_andesite_stairs":2,"minecraft:lapis_ore":1,"minecraft:coarse_dirt":1,"minecraft:grass":8,"minecraft:oak_log":27,"minecraft:cyan_carpet":1,"minecraft:polished_andesite":1,"minecraft:netherrack":4,"minecraft:oak_leaves":5}},"DataVersion":3465}