{"stats":{"minecraft:killed_by":{"minecraft:drowned":1,"minecraft:skeleton":1},"minecraft:used":{"minecraft:iron_shovel":152,"minecraft:flint_and_steel":2,"minecraft:chest":2,"minecraft:iron_sword":20,"minecraft:rotten_flesh":1,"minecraft:player_head":1,"minecraft:cooked_chicken":5,"simplyswords:diamond_twinblade":909,"minecraft:torch":8,"minecraft:mutton":4,"minecells:monsters_eye":18,"minecraft:wooden_axe":52,"minecells:broadsword":4,"soulsweapons:guts_sword":221,"minecells:guts":87,"simplyswords:stars_edge":122,"minecraft:bow":117,"minecraft:beef":27,"minecraft:furnace":1,"minecraft:cooked_beef":1,"minecraft:cobbled_deepslate":3,"minecraft:cooked_mutton":7,"minecraft:damaged_anvil":1,"minecraft:stone_pickaxe":2,"minecraft:oak_planks":60,"minecraft:wooden_pickaxe":33,"minecraft:tnt":3,"minecraft:crafting_table":4,"minecraft:white_bed":2,"minecraft:bread":9,"minecraft:iron_pickaxe":160,"minecraft:map":1,"minecraft:cobblestone":13,"minecraft:porkchop":2},"minecraft:mined":{"minecraft:white_bed":1,"minecraft:jungle_leaves":3,"minecells:prison_cobblestone":11,"minecraft:acacia_log":16,"minecraft:grass_block":1,"minecraft:decorated_pot":2,"minecraft:redstone_wire":1,"minecraft:iron_ore":5,"minecraft:cobbled_deepslate":4,"minecraft:bookshelf":20,"minecraft:deepslate_iron_ore":3,"minecraft:dirt_path":2,"minecraft:stone":30,"minecraft:bone_block":1,"minecraft:oak_slab":1,"minecells:prison_bricks":2,"immersive_weathering:icicle":2,"minecells:putrid_planks":2,"minecraft:crafting_table":2,"minecraft:torch":7,"immersive_weathering:sandy_dirt":2,"minecraft:dead_bush":1,"minecraft:oak_planks":2,"minecraft:damaged_anvil":1,"minecraft:repeater":2,"minecells:broken_cage":1,"minecraft:tnt":1,"minecraft:oak_log":6,"minecraft:coal_ore":134,"minecraft:gravel":153,"minecells:bloomrock_wilted_grass_block":2,"minecraft:redstone_lamp":8},"minecraft:broken":{"minecraft:leather_boots":1,"minecraft:iron_helmet":1,"minecraft:wooden_axe":1},"minecraft:picked_up":{"minecraft:crafting_table":2,"minecraft:iron_chestplate":1,"minecraft:chicken":7,"minecraft:redstone_lamp":8,"minecraft:oak_stairs":1,"minecells:buzzcutter_fang":12,"minecraft:shield":2,"minecraft:oak_trapdoor":1,"simplyswords:diamond_twinblade":1,"minecraft:quartz_slab":3,"minecraft:cobbled_deepslate":3,"minecraft:spruce_planks":5,"minecraft:beef":28,"minecells:vine_rune":1,"minecraft:player_head":6,"minecells:molten_chunk":9,"minecraft:spruce_slab":7,"minecells:transposition_core":1,"minecraft:egg":3,"minecells:guts":52,"minecraft:stripped_crimson_hyphae":7,"minecraft:raw_iron":8,"minecraft:copper_ingot":1,"minecraft:oak_fence":1,"minecraft:torch":6,"minecraft:acacia_log":16,"minecells:monsters_eye":6,"minecells:arcane_goo":23,"minecraft:porkchop":3,"minecraft:redstone":1,"minecraft:quartz_block":2,"minecraft:tnt":1,"minecraft:rotten_flesh":41,"minecraft:arrow":33,"minecraft:decorated_pot":1,"minecraft:brick_stairs":1,"minecraft:mutton":13,"minecraft:bone_block":1,"minecraft:white_wool":23,"minecraft:cobblestone":30,"minecraft:leather_chestplate":1,"minecraft:feather":21,"minecraft:cooked_beef":1,"minecraft:repeater":2,"minecraft:leather":12,"paraglider:spirit_orb":2,"minecraft:flint":13,"minecraft:oak_log":10,"minecraft:gunpowder":12,"vanillatweaks:crafting_pad":2,"minecraft:dirt":1,"lootr:trophy":1,"minecells:putrid_planks":2,"minecraft:bone":3,"minecraft:wheat_seeds":19,"minecraft:iron_sword":2,"minecraft:oak_planks":48,"immersive_weathering:tallow":6,"minecraft:book":57,"minecraft:oak_slab":3,"minecells:prison_cobblestone":8,"minecells:monster_cell":118,"minecells:infected_flesh":64,"minecraft:gravel":131,"minecraft:white_bed":1,"minecells:metal_shards":14,"minecraft:barrel":1,"minecraft:oak_wood":9,"minecells:explosive_bulb":9,"minecraft:iron_helmet":1,"minecells:bloomrock":2,"minecraft:bread":6,"soulsweapons:guts_sword":1,"minecraft:oak_sapling":1,"minecraft:damaged_anvil":1,"minecraft:melon_seeds":3,"minecraft:coal":130},"minecraft:killed":{"minecells:mutated_bat":8,"minecraft:witch":1,"minecraft:spider":2,"minecells:undead_archer":10,"minecells:sweeper":8,"minecraft:skeleton":9,"minecraft:chicken":22,"minecraft:drowned":2,"minecells:leaping_zombie":75,"minecells:protector":10,"minecells:grenadier":15,"minecraft:husk":3,"minecraft:pig":2,"minecells:runner":6,"minecraft:zombie_villager":1,"minecraft:creeper":3,"minecraft:sheep":8,"minecraft:pillager":2,"minecraft:zombie":10,"minecraft:stray":1,"minecells:shieldbearer":24,"minecells:inquisitor":16,"minecells:buzzcutter":21,"minecraft:cow":15},"minecraft:dropped":{"minecraft:iron_sword":3,"minecraft:oak_slab":1,"minecraft:porkchop":1,"minecraft:wheat_seeds":2,"minecells:prison_cobblestone":8,"minecraft:decorated_pot":1,"minecraft:oak_fence":1,"minecraft:iron_helmet":1,"minecraft:cobblestone":2,"minecraft:copper_ingot":1,"paraglider:spirit_orb":2,"minecells:infected_flesh":22,"minecraft:torch":2,"minecraft:mutton":1,"soulsweapons:guts_sword":1,"minecells:explosive_bulb":2,"minecells:molten_chunk":3,"minecells:metal_shards":11,"minecraft:iron_leggings":1,"minecraft:oak_stairs":1,"minecraft:bone_block":1,"minecells:buzzcutter_fang":9,"minecraft:iron_pickaxe":1,"minecraft:iron_shovel":1,"minecraft:string":18,"minecraft:white_wool":1,"minecraft:redstone":6,"minecraft:bone":3,"minecraft:gravel":131,"minecraft:player_head":4,"minecraft:raw_iron":6,"minecells:putrid_planks":18,"minecraft:rotten_flesh":28,"simplyswords:diamond_twinblade":1,"vanillatweaks:crafting_pad":2,"minecraft:leather_chestplate":1,"minecraft:shield":2,"minecraft:spruce_planks":5,"minecraft:iron_chestplate":1,"minecraft:barrel":1,"immersive_weathering:tallow":6,"minecraft:beef":1},"minecraft:custom":{"lootr:looted_stat":163,"minecraft:interact_with_anvil":1,"minecraft:mob_kills":283,"minecraft:interact_with_crafting_table":5,"minecraft:time_since_death":20331,"minecraft:climb_one_cm":35669,"minecraft:damage_resisted":3,"minecraft:sprint_one_cm":559310,"minecraft:walk_one_cm":462635,"minecraft:drop":66,"minecraft:talked_to_villager":1,"minecraft:play_time":177104,"minecraft:deaths":4,"minecraft:sneak_time":1801,"minecraft:walk_under_water_one_cm":11299,"minecraft:jump":3144,"minecraft:walk_on_water_one_cm":9202,"minecraft:total_world_time":177104,"minecraft:interact_with_furnace":11,"minecraft:sleep_in_bed":1,"minecraft:time_since_rest":20360,"minecraft:damage_taken":7244,"minecraft:damage_dealt":63532,"minecraft:swim_one_cm":65786,"minecraft:fly_one_cm":630711,"minecraft:open_chest":24,"minecraft:crouch_one_cm":4919,"minecraft:fall_one_cm":97251},"minecraft:crafted":{"minecraft:wooden_sword":1,"minecraft:oak_planks":76,"soulsweapons:guts_sword":1,"minecraft:cooked_chicken":5,"inmis:gilded_backpack":1,"minecraft:furnace":1,"simplyswords:diamond_twinblade":1,"minecraft:cooked_mutton":7,"minecraft:iron_boots":1,"minecraft:stone_pickaxe":1,"minecraft:chest":3,"paraglider:paraglider":1,"minecraft:arrow":76,"minecraft:crafting_table":3,"vanillatweaks:crafting_pad":1,"minecraft:wooden_pickaxe":1,"minecraft:iron_helmet":1,"minecraft:iron_sword":1,"minecraft:air":0,"inmis:plated_backpack":1,"minecraft:stick":56,"minecraft:iron_ingot":2,"minecraft:iron_pickaxe":1,"minecraft:wooden_axe":1,"minecraft:iron_block":6,"minecraft:iron_shovel":1,"inmis:frayed_backpack":1,"minecraft:white_bed":2,"minecraft:acacia_planks":64,"minecraft:torch":4}},"DataVersion":3465}