{"stats":{"minecraft:picked_up":{"minecraft:iron_chestplate":1,"minecraft:crafting_table":2,"minecraft:chainmail_boots":1,"minecraft:chicken":7,"minecraft:redstone_lamp":8,"dungeonnowloading:cobblestone_pebble":2,"minecraft:oak_stairs":1,"minecells:buzzcutter_fang":13,"minecraft:shield":2,"minecraft:item_frame":1,"minecraft:oak_trapdoor":1,"simplyswords:diamond_twinblade":1,"minecraft:quartz_slab":3,"dungeonnowloading:spawner_fragment":7,"minecraft:cobbled_deepslate":3,"minecraft:spruce_planks":5,"minecraft:beef":36,"minecells:vine_rune":1,"minecraft:player_head":8,"minecraft:spruce_slab":7,"minecells:molten_chunk":10,"minecells:transposition_core":1,"minecraft:egg":3,"minecells:guts":56,"minecraft:stripped_crimson_hyphae":7,"minecraft:raw_iron":8,"minecraft:copper_ingot":1,"minecraft:oak_fence":1,"minecraft:torch":6,"minecraft:acacia_log":47,"minecells:monsters_eye":6,"minecells:arcane_goo":27,"minecraft:porkchop":4,"minecraft:redstone":1,"minecraft:tnt":1,"minecraft:quartz_block":2,"minecraft:arrow":36,"minecraft:rotten_flesh":41,"minecraft:decorated_pot":1,"minecraft:gold_ingot":7,"minecraft:brick_stairs":1,"minecraft:mutton":13,"minecraft:bone_block":1,"minecraft:white_wool":23,"minecraft:cobblestone":70,"minecraft:leather_chestplate":1,"minecraft:feather":21,"minecraft:cooked_beef":1,"minecraft:repeater":2,"minecraft:andesite":2,"minecraft:leather":16,"paraglider:spirit_orb":10,"minecraft:flint":13,"minecraft:oak_log":10,"minecraft:gunpowder":17,"vanillatweaks:crafting_pad":2,"minecraft:dirt":14,"lootr:trophy":1,"minecells:putrid_planks":2,"minecraft:bone":13,"minecraft:wheat_seeds":19,"minecraft:mossy_stone_bricks":2,"minecraft:iron_sword":2,"minecraft:oak_planks":48,"immersive_weathering:tallow":8,"minecraft:book":57,"minecraft:oak_slab":3,"minecells:prison_cobblestone":8,"minecells:monster_cell":145,"minecells:infected_flesh":64,"minecraft:gravel":131,"minecraft:white_bed":1,"minecells:metal_shards":16,"minecraft:barrel":1,"minecraft:oak_wood":9,"minecraft:diamond_shovel":1,"minecraft:diamond":13,"minecells:explosive_bulb":9,"minecraft:gray_banner":1,"minecraft:iron_helmet":1,"minecells:bloomrock":2,"minecraft:bread":6,"minecraft:emerald":8,"minecraft:baked_potato":29,"soulsweapons:guts_sword":1,"minecraft:oak_sapling":1,"minecraft:damaged_anvil":1,"minecraft:melon_seeds":3,"minecells:boss_stem_cell":1,"minecraft:coal":130},"minecraft:dropped":{"minecraft:iron_ingot":21,"minecraft:iron_sword":4,"minecraft:oak_slab":1,"minecraft:diamond_axe":1,"minecraft:porkchop":2,"minecraft:wheat_seeds":2,"minecells:prison_cobblestone":8,"minecells:ramparts_dimensional_rune":1,"minecraft:glass_bottle":1,"minecraft:decorated_pot":1,"minecells:greed_shield":1,"minecraft:oak_fence":1,"minecraft:iron_helmet":1,"minecraft:cobblestone":5,"dungeonnowloading:cobblestone_pebble":2,"minecraft:copper_ingot":1,"minecraft:item_frame":1,"paraglider:spirit_orb":2,"minecraft:stick":18,"minecells:infected_flesh":22,"minecraft:torch":2,"minecraft:mutton":1,"soulsweapons:guts_sword":1,"minecells:explosive_bulb":2,"minecraft:iron_leggings":2,"minecraft:oak_stairs":1,"minecells:metal_shards":11,"minecells:molten_chunk":8,"minecraft:bone_block":1,"minecraft:glistering_melon_slice":2,"minecells:black_bridge_dimensional_rune":1,"minecells:buzzcutter_fang":9,"minecraft:iron_pickaxe":1,"minecraft:iron_shovel":1,"minecraft:string":18,"minecraft:white_wool":1,"minecraft:redstone":6,"minecraft:bone":13,"minecraft:gravel":131,"minecraft:player_head":5,"minecraft:gray_banner":1,"minecraft:raw_iron":6,"minecells:putrid_planks":18,"minecraft:rotten_flesh":28,"minecraft:iron_boots":1,"simplyswords:diamond_twinblade":1,"dungeonnowloading:spawner_fragment":7,"minecraft:flint_and_steel":1,"minecraft:filled_map":1,"vanillatweaks:crafting_pad":2,"minecraft:leather_chestplate":1,"minecraft:tipped_arrow":4,"minecraft:shield":2,"minecraft:gunpowder":3,"minecraft:spruce_planks":5,"minecraft:iron_chestplate":1,"minecraft:andesite":2,"minecraft:chainmail_boots":1,"minecraft:barrel":1,"immersive_weathering:tallow":8,"minecraft:beef":1},"minecraft:mined":{"dungeonnowloading:spikes":2,"minecraft:diamond_ore":6,"minecells:small_prison_bricks":2,"minecraft:white_bed":1,"minecraft:mossy_cobblestone":2,"minecraft:candle":1,"minecraft:jungle_leaves":3,"minecraft:acacia_log":16,"minecraft:spruce_fence":1,"minecells:prison_cobblestone":11,"minecraft:grass_block":1,"minecraft:decorated_pot":2,"dungeonnowloading:book_pile":1,"minecells:prison_stone":5,"minecraft:redstone_wire":1,"minecraft:composter":1,"minecraft:spawner":5,"minecraft:smooth_stone":7,"minecraft:iron_ore":8,"minecraft:cobbled_deepslate":4,"minecraft:gray_wall_banner":1,"minecraft:andesite":140,"minecraft:bookshelf":20,"minecraft:dirt_path":2,"minecraft:deepslate_iron_ore":3,"immersive_weathering:loam":2,"minecraft:stone":99,"minecraft:bone_block":1,"minecraft:oak_slab":1,"minecells:prison_bricks":2,"immersive_weathering:icicle":2,"dungeonnowloading:cobblestone_pebbles":1,"minecells:putrid_planks":2,"minecraft:crafting_table":2,"minecraft:torch":7,"immersive_weathering:sandy_dirt":2,"minecraft:dead_bush":1,"minecraft:cobblestone":14,"minecraft:cyan_bed":1,"minecraft:oak_planks":2,"minecraft:damaged_anvil":1,"minecraft:repeater":2,"minecells:broken_cage":1,"minecraft:tnt":1,"dungeonnowloading:explosive_barrel":10,"minecraft:coal_ore":134,"minecraft:oak_log":6,"minecraft:flower_pot":1,"minecraft:gravel":153,"minecraft:dirt":9,"minecraft:spruce_fence_gate":1,"minecells:bloomrock_wilted_grass_block":2,"minecraft:mossy_stone_bricks":3,"minecraft:redstone_lamp":8},"minecraft:killed_by":{"minecraft:drowned":1,"minecraft:skeleton":1},"minecraft:killed":{"minecells:mutated_bat":8,"minecraft:witch":1,"majruszsdifficulty:illusioner":1,"minecraft:spider":3,"minecells:undead_archer":10,"minecells:sweeper":9,"minecraft:skeleton":13,"minecells:concierge":1,"minecraft:chicken":25,"minecraft:drowned":2,"minecells:leaping_zombie":75,"minecells:protector":10,"minecells:grenadier":15,"minecraft:husk":5,"minecraft:pig":3,"minecells:runner":6,"minecraft:zombie_villager":1,"minecraft:creeper":3,"minecraft:sheep":9,"minecraft:pillager":2,"minecraft:zombie":12,"minecraft:stray":1,"minecells:shieldbearer":25,"minecells:inquisitor":18,"minecells:buzzcutter":24,"minecraft:cow":19},"minecraft:custom":{"lootr:looted_stat":211,"minecraft:interact_with_anvil":1,"minecraft:mob_kills":310,"minecraft:interact_with_crafting_table":5,"minecraft:eat_cake_slice":7,"minecraft:time_since_death":40859,"minecraft:climb_one_cm":42585,"minecraft:damage_resisted":3,"minecraft:sprint_one_cm":804273,"minecraft:walk_one_cm":621360,"minecraft:drop":107,"minecraft:talked_to_villager":1,"minecraft:play_time":248085,"minecraft:sneak_time":4197,"minecraft:deaths":6,"minecraft:walk_under_water_one_cm":12233,"minecraft:jump":4366,"minecraft:interact_with_brewingstand":1,"minecraft:interact_with_blast_furnace":1,"minecraft:walk_on_water_one_cm":10320,"minecraft:total_world_time":248085,"minecraft:interact_with_furnace":11,"minecraft:tune_noteblock":1,"minecraft:sleep_in_bed":4,"minecraft:time_since_rest":2890,"minecraft:damage_taken":10410,"minecraft:damage_dealt":72877,"minecraft:swim_one_cm":69849,"minecraft:fly_one_cm":912373,"minecraft:open_chest":27,"minecraft:crouch_one_cm":9339,"minecraft:fall_one_cm":133262,"minecraft:inspect_dispenser":4},"minecraft:used":{"minecraft:iron_shovel":152,"minecraft:flint_and_steel":11,"minecraft:chest":2,"minecraft:iron_sword":20,"minecraft:cooked_chicken":5,"simplyswords:diamond_twinblade":909,"minecraft:rotten_flesh":1,"minecraft:player_head":1,"minecraft:torch":11,"minecraft:mutton":4,"minecraft:carrot":4,"minecells:monsters_eye":18,"minecraft:wooden_axe":52,"minecells:broadsword":4,"minecells:guts":94,"soulsweapons:guts_sword":417,"minecraft:bow":126,"simplyswords:stars_edge":122,"minecraft:golden_carrot":5,"minecraft:beef":30,"minecraft:furnace":1,"minecraft:cooked_beef":1,"minecraft:cobbled_deepslate":3,"minecraft:cooked_mutton":7,"minecraft:mossy_stone_bricks":2,"minecraft:damaged_anvil":1,"minecraft:stone_pickaxe":2,"minecraft:baked_potato":29,"minecraft:oak_planks":60,"minecraft:wooden_pickaxe":33,"minecraft:diamond_axe":11,"minecraft:tnt":3,"minecraft:crafting_table":4,"minecraft:white_bed":2,"minecraft:apple":4,"minecraft:bread":9,"minecraft:iron_pickaxe":425,"minecraft:map":1,"minecraft:potion":1,"minecraft:cobblestone":20,"minecraft:porkchop":2,"minecraft:splash_potion":2},"minecraft:crafted":{"minecraft:wooden_sword":1,"minecraft:oak_planks":76,"soulsweapons:guts_sword":1,"minecraft:cooked_chicken":5,"inmis:gilded_backpack":1,"minecraft:furnace":1,"simplyswords:diamond_twinblade":1,"minecraft:cooked_mutton":7,"minecraft:flint_and_steel":1,"minecraft:iron_boots":2,"minecraft:stone_pickaxe":1,"minecraft:chest":3,"paraglider:paraglider":1,"minecraft:arrow":76,"minecraft:crafting_table":3,"minecraft:wooden_pickaxe":1,"vanillatweaks:crafting_pad":1,"minecraft:iron_helmet":2,"minecraft:iron_sword":1,"minecraft:air":0,"inmis:plated_backpack":1,"minecraft:stick":56,"minecraft:iron_ingot":2,"minecraft:iron_pickaxe":1,"minecraft:wooden_axe":1,"minecraft:iron_block":6,"minecraft:iron_shovel":1,"inmis:frayed_backpack":1,"minecraft:white_bed":2,"minecraft:acacia_planks":188,"minecraft:torch":4},"minecraft:broken":{"minecraft:leather_boots":1,"minecraft:iron_pickaxe":1,"minecraft:iron_helmet":1,"minecraft:wooden_axe":1}},"DataVersion":3465}