{"stats":{"minecraft:killed_by":{"minecraft:drowned":1,"minecraft:skeleton":1},"minecraft:used":{"minecraft:iron_shovel":152,"minecraft:flint_and_steel":2,"minecraft:chest":2,"minecraft:iron_sword":20,"minecraft:rotten_flesh":1,"minecraft:player_head":1,"minecraft:cooked_chicken":5,"simplyswords:diamond_twinblade":909,"minecraft:torch":7,"minecraft:mutton":4,"minecells:monsters_eye":15,"minecraft:wooden_axe":52,"minecells:broadsword":4,"minecells:guts":36,"simplyswords:stars_edge":79,"minecraft:bow":105,"minecraft:beef":27,"minecraft:furnace":1,"minecraft:cooked_beef":1,"minecraft:cobbled_deepslate":3,"minecraft:cooked_mutton":7,"minecraft:stone_pickaxe":2,"minecraft:oak_planks":46,"minecraft:wooden_pickaxe":33,"minecraft:tnt":3,"minecraft:crafting_table":4,"minecraft:white_bed":2,"minecraft:bread":9,"minecraft:iron_pickaxe":158,"minecraft:map":1,"minecraft:cobblestone":13,"minecraft:porkchop":2},"minecraft:mined":{"minecraft:white_bed":1,"minecraft:jungle_leaves":3,"minecells:prison_cobblestone":11,"minecraft:acacia_log":16,"minecraft:grass_block":1,"minecraft:decorated_pot":2,"minecraft:redstone_wire":1,"minecraft:iron_ore":5,"minecraft:cobbled_deepslate":4,"minecraft:bookshelf":20,"minecraft:deepslate_iron_ore":3,"minecraft:dirt_path":2,"minecraft:stone":30,"minecraft:bone_block":1,"minecraft:oak_slab":1,"minecells:prison_bricks":2,"immersive_weathering:icicle":2,"minecells:putrid_planks":2,"minecraft:crafting_table":2,"minecraft:torch":6,"immersive_weathering:sandy_dirt":2,"minecraft:dead_bush":1,"minecraft:oak_planks":2,"minecraft:repeater":2,"minecraft:tnt":1,"minecraft:oak_log":6,"minecraft:coal_ore":134,"minecraft:gravel":153,"minecells:bloomrock_wilted_grass_block":2,"minecraft:redstone_lamp":8},"minecraft:broken":{"minecraft:leather_boots":1,"minecraft:wooden_axe":1},"minecraft:picked_up":{"minecraft:crafting_table":2,"minecraft:iron_chestplate":1,"minecraft:chicken":7,"minecraft:redstone_lamp":8,"minecraft:oak_stairs":1,"minecraft:oak_trapdoor":1,"simplyswords:diamond_twinblade":1,"minecraft:quartz_slab":3,"minecraft:cobbled_deepslate":3,"minecraft:spruce_planks":5,"minecraft:beef":28,"minecells:vine_rune":1,"minecraft:player_head":3,"minecraft:spruce_slab":7,"minecells:transposition_core":1,"minecraft:egg":3,"minecells:guts":35,"minecraft:stripped_crimson_hyphae":7,"minecraft:raw_iron":8,"minecraft:copper_ingot":1,"minecraft:oak_fence":1,"minecraft:torch":5,"minecraft:acacia_log":16,"minecells:monsters_eye":6,"minecells:arcane_goo":3,"minecraft:porkchop":3,"minecraft:redstone":1,"minecraft:quartz_block":2,"minecraft:tnt":1,"minecraft:rotten_flesh":36,"minecraft:arrow":28,"minecraft:decorated_pot":1,"minecraft:brick_stairs":1,"minecraft:mutton":13,"minecraft:bone_block":1,"minecraft:white_wool":23,"minecraft:cobblestone":30,"minecraft:leather_chestplate":1,"minecraft:feather":21,"minecraft:cooked_beef":1,"minecraft:repeater":2,"minecraft:leather":12,"paraglider:spirit_orb":2,"minecraft:flint":13,"minecraft:oak_log":10,"minecraft:gunpowder":12,"vanillatweaks:crafting_pad":1,"minecraft:dirt":1,"lootr:trophy":1,"minecells:putrid_planks":2,"minecraft:bone":3,"minecraft:wheat_seeds":19,"minecraft:iron_sword":2,"minecraft:oak_planks":48,"immersive_weathering:tallow":6,"minecraft:book":57,"minecraft:oak_slab":3,"minecells:prison_cobblestone":8,"minecells:monster_cell":73,"minecells:infected_flesh":43,"minecraft:gravel":131,"minecraft:white_bed":1,"minecells:metal_shards":4,"minecraft:barrel":1,"minecraft:oak_wood":9,"minecells:explosive_bulb":9,"minecraft:iron_helmet":1,"minecells:bloomrock":2,"minecraft:bread":6,"minecraft:oak_sapling":1,"minecraft:melon_seeds":3,"minecraft:coal":130},"minecraft:killed":{"minecells:mutated_bat":8,"minecraft:witch":1,"minecraft:spider":2,"minecells:undead_archer":6,"minecraft:skeleton":9,"minecraft:chicken":22,"minecraft:drowned":2,"minecells:leaping_zombie":74,"minecells:protector":10,"minecells:grenadier":15,"minecraft:husk":3,"minecraft:pig":2,"minecells:runner":6,"minecraft:zombie_villager":1,"minecraft:creeper":3,"minecraft:sheep":8,"minecraft:pillager":2,"minecraft:zombie":10,"minecraft:stray":1,"minecells:shieldbearer":11,"minecraft:cow":15},"minecraft:dropped":{"minecraft:iron_sword":3,"minecraft:oak_slab":1,"minecraft:porkchop":1,"minecraft:wheat_seeds":2,"minecells:prison_cobblestone":8,"minecraft:decorated_pot":1,"minecraft:oak_fence":1,"minecraft:iron_helmet":1,"minecraft:cobblestone":2,"minecraft:copper_ingot":1,"paraglider:spirit_orb":2,"minecells:infected_flesh":2,"minecraft:mutton":1,"minecraft:iron_leggings":1,"minecraft:oak_stairs":1,"minecraft:bone_block":1,"minecraft:white_wool":1,"minecraft:redstone":6,"minecraft:bone":3,"minecraft:gravel":131,"minecraft:player_head":1,"minecraft:rotten_flesh":1,"simplyswords:diamond_twinblade":1,"vanillatweaks:crafting_pad":1,"minecraft:leather_chestplate":1,"minecraft:spruce_planks":5,"minecraft:iron_chestplate":1,"minecraft:barrel":1,"immersive_weathering:tallow":6,"minecraft:beef":1},"minecraft:custom":{"lootr:looted_stat":137,"minecraft:mob_kills":218,"minecraft:interact_with_crafting_table":5,"minecraft:time_since_death":62934,"minecraft:climb_one_cm":15486,"minecraft:damage_resisted":3,"minecraft:sprint_one_cm":439647,"minecraft:walk_one_cm":352830,"minecraft:drop":37,"minecraft:talked_to_villager":1,"minecraft:play_time":141104,"minecraft:deaths":3,"minecraft:sneak_time":989,"minecraft:walk_under_water_one_cm":11299,"minecraft:jump":2601,"minecraft:walk_on_water_one_cm":9202,"minecraft:total_world_time":141104,"minecraft:interact_with_furnace":11,"minecraft:sleep_in_bed":1,"minecraft:time_since_rest":62963,"minecraft:damage_taken":4978,"minecraft:damage_dealt":49037,"minecraft:swim_one_cm":65786,"minecraft:fly_one_cm":544255,"minecraft:open_chest":17,"minecraft:crouch_one_cm":3712,"minecraft:fall_one_cm":78664},"minecraft:crafted":{"minecraft:wooden_sword":1,"minecraft:oak_planks":76,"minecraft:cooked_chicken":5,"inmis:gilded_backpack":1,"minecraft:furnace":1,"simplyswords:diamond_twinblade":1,"minecraft:cooked_mutton":7,"minecraft:stone_pickaxe":1,"minecraft:chest":3,"paraglider:paraglider":1,"minecraft:arrow":76,"minecraft:crafting_table":3,"vanillatweaks:crafting_pad":1,"minecraft:wooden_pickaxe":1,"minecraft:iron_sword":1,"minecraft:air":0,"inmis:plated_backpack":1,"minecraft:stick":52,"minecraft:iron_ingot":2,"minecraft:iron_pickaxe":1,"minecraft:wooden_axe":1,"minecraft:iron_shovel":1,"inmis:frayed_backpack":1,"minecraft:white_bed":2,"minecraft:acacia_planks":64,"minecraft:torch":4}},"DataVersion":3465}