{"stats":{"minecraft:killed_by":{"minecraft:wither_skeleton":2,"minecraft:drowned":1,"minecraft:zombie":3,"minecraft:hoglin":7,"minecraft:skeleton":1},"minecraft:killed":{"minecraft:witch":1,"minecraft:spider":8,"minecells:sweeper":9,"minecraft:skeleton":33,"minecells:concierge":1,"minecraft:chicken":25,"minecells:leaping_zombie":75,"minecells:grenadier":15,"minecells:protector":10,"minecraft:pig":3,"minecraft:zombie_villager":2,"minecraft:creeper":3,"minecraft:sheep":9,"minecraft:pillager":2,"minecraft:zombie":67,"minecraft:stray":1,"minecells:shieldbearer":25,"minecells:inquisitor":18,"minecraft:cow":19,"minecells:mutated_bat":8,"minecells:undead_archer":10,"majruszsdifficulty:illusioner":1,"minecraft:slime":7,"minecraft:phantom":1,"minecraft:drowned":2,"minecraft:husk":6,"minecells:runner":6,"majruszsdifficulty:cursed_armor":1,"minecraft:hoglin":9,"minecraft:wither_skeleton":15,"minecells:buzzcutter":24},"minecraft:used":{"minecraft:iron_shovel":152,"minecraft:chest":4,"minecraft:iron_sword":20,"minecraft:player_head":2,"minecraft:rotten_flesh":1,"simplyswords:diamond_twinblade":999,"minecraft:mutton":4,"minecraft:carrot":7,"minecells:broadsword":4,"minecraft:bow":211,"minecraft:furnace":1,"minecraft:mossy_stone_bricks":2,"minecraft:damaged_anvil":1,"minecraft:stone_pickaxe":2,"minecraft:oak_planks":75,"minecraft:wooden_pickaxe":33,"minecraft:diamond_axe":11,"minecraft:golden_apple":4,"minecraft:bread":9,"minecraft:experience_bottle":2,"minecraft:flint_and_steel":13,"minecraft:cooked_chicken":5,"minecraft:torch":13,"minecells:monsters_eye":18,"minecraft:wooden_axe":52,"minecraft:iron_axe":4,"soulsweapons:guts_sword":540,"minecells:guts":94,"simplyswords:stars_edge":1017,"minecraft:golden_carrot":22,"minecraft:beef":30,"minecraft:netherite_pickaxe":44,"minecraft:cobbled_deepslate":3,"minecraft:cooked_beef":1,"minecraft:acacia_planks":134,"minecraft:enchanted_golden_apple":1,"minecraft:cooked_mutton":7,"minecraft:baked_potato":29,"minecraft:tnt":5,"minecraft:crafting_table":4,"minecraft:white_bed":2,"minecraft:apple":22,"minecraft:diamond_shovel":3,"minecraft:iron_pickaxe":428,"minecraft:map":1,"minecraft:cobblestone":20,"minecraft:potion":1,"minecraft:cooked_porkchop":4,"minecraft:porkchop":2,"minecraft:pumpkin_pie":6,"minecraft:splash_potion":2},"minecraft:picked_up":{"minecraft:iron_chestplate":1,"minecraft:chainmail_boots":1,"minecraft:oak_stairs":1,"minecells:buzzcutter_fang":13,"mythicupgrades:zircon_crystal_block":2,"minecraft:string":4,"minecraft:smooth_stone_slab":1,"simplyswords:diamond_twinblade":3,"minecraft:cobbled_deepslate":3,"bosses_of_mass_destruction:soul_star":2,"minecraft:spruce_planks":6,"minecraft:calcite":5,"minecells:molten_chunk":10,"minecells:transposition_core":1,"minecraft:tipped_arrow":2,"minecells:guts":56,"minecraft:oak_fence":1,"minecraft:torch":7,"minecraft:acacia_log":69,"minecraft:porkchop":26,"minecraft:quartz_block":2,"minecraft:stone_sword":1,"minecraft:rotten_flesh":144,"minecraft:cyan_terracotta":3,"minecraft:cobblestone":76,"minecraft:leather_chestplate":1,"minecraft:feather":21,"minecraft:cooked_beef":1,"minecraft:repeater":2,"minecraft:andesite":2,"simplyswords:stars_edge":2,"paraglider:spirit_orb":49,"minecraft:flint":14,"mythicupgrades:topaz_upgrade_smithing_template":2,"vanillatweaks:crafting_pad":2,"minecraft:wither_skeleton_skull":2,"minecraft:dirt":14,"lootr:trophy":1,"minecraft:name_tag":7,"minecraft:leather_boots":2,"minecraft:bone":63,"minecraft:acacia_planks":21,"minecraft:bow":4,"minecraft:wheat_seeds":22,"minecraft:mossy_stone_bricks":2,"minecraft:oak_planks":177,"immersive_weathering:tallow":49,"minecraft:cooked_porkchop":5,"minecraft:stripped_acacia_wood":5,"minecraft:nether_brick_stairs":5,"minecells:metal_shards":16,"minecraft:barrel":1,"minecraft:mossy_cobblestone":3,"minecraft:dark_prismarine":7,"minecraft:diamond":21,"minecells:explosive_bulb":9,"minecells:bloomrock":2,"minecraft:emerald":8,"minecraft:bread":6,"soulsweapons:guts_sword":1,"minecraft:oak_sapling":1,"minecells:boss_stem_cell":1,"minecraft:coarse_dirt":3,"minecraft:crafting_table":2,"minecraft:chicken":7,"minecraft:redstone_lamp":8,"minecraft:leather_leggings":1,"dungeonnowloading:cobblestone_pebble":2,"minecraft:stone_brick_wall":1,"minecraft:shield":2,"minecraft:oak_trapdoor":1,"minecraft:flint_and_steel":1,"minecraft:item_frame":1,"minecraft:quartz_slab":3,"dungeonnowloading:spawner_fragment":76,"minecraft:netherite_sword":1,"minecraft:beef":36,"minecells:vine_rune":1,"minecraft:player_head":21,"minecraft:poppy":1,"minecraft:spruce_slab":16,"minecraft:egg":5,"minecraft:stripped_crimson_hyphae":7,"minecraft:raw_iron":8,"minecraft:copper_ingot":1,"minecells:monsters_eye":6,"minecells:arcane_goo":27,"minecraft:cake":1,"minecraft:carrot":1,"minecraft:redstone":1,"minecraft:dark_oak_planks":7,"minecraft:tnt":1,"minecraft:arrow":63,"minecraft:decorated_pot":1,"minecraft:gold_ingot":7,"minecraft:brick_stairs":1,"minecraft:mutton":13,"minecraft:bone_block":1,"minecraft:white_wool":23,"minecraft:netherite_boots":1,"minecraft:golden_carrot":6,"minecraft:leather":21,"majruszsdifficulty:tattered_helmet":2,"minecraft:oak_log":22,"minecraft:gunpowder":17,"minecells:putrid_planks":2,"majruszsdifficulty:tattered_leggings":1,"minecraft:glass_bottle":3,"minecraft:iron_sword":2,"minecraft:book":57,"minecraft:polished_andesite_stairs":5,"minecraft:oak_slab":3,"minecells:prison_cobblestone":8,"minecells:monster_cell":145,"minecells:infected_flesh":64,"minecraft:gravel":131,"minecraft:birch_stairs":6,"minecraft:white_bed":1,"minecraft:oak_wood":9,"minecraft:diamond_shovel":2,"minecraft:slime_ball":14,"minecraft:gray_banner":1,"minecraft:iron_helmet":1,"minecraft:mossy_cobblestone_stairs":1,"minecraft:baked_potato":29,"minecraft:damaged_anvil":1,"minecraft:melon_seeds":4,"majruszsdifficulty:tattered_chestplate":1,"minecraft:coal":154},"minecraft:crafted":{"minecraft:oak_planks":124,"minecraft:cooked_chicken":5,"minecraft:cooked_mutton":7,"minecraft:diamond_helmet":1,"minecraft:iron_boots":2,"minecraft:chest":5,"minecraft:arrow":76,"minecraft:crafting_table":3,"minecraft:wooden_pickaxe":1,"minecraft:iron_helmet":2,"inmis:plated_backpack":1,"minecraft:stick":56,"minecraft:iron_pickaxe":1,"minecraft:iron_ingot":2,"minecraft:iron_block":6,"inmis:frayed_backpack":1,"minecraft:wooden_sword":1,"soulsweapons:guts_sword":1,"inmis:gilded_backpack":1,"minecraft:furnace":1,"simplyswords:diamond_twinblade":1,"inmis:bejeweled_backpack":1,"minecraft:flint_and_steel":2,"minecraft:stone_pickaxe":1,"minecraft:diamond_boots":1,"paraglider:paraglider":1,"vanillatweaks:crafting_pad":1,"minecraft:iron_sword":1,"minecraft:air":0,"minecraft:wooden_axe":1,"minecraft:iron_shovel":1,"minecraft:white_bed":2,"minecraft:acacia_planks":240,"minecraft:torch":4,"minecraft:diamond_chestplate":1},"minecraft:custom":{"lootr:looted_stat":249,"minecraft:interact_with_crafting_table":5,"minecraft:bell_ring":1,"minecraft:eat_cake_slice":7,"minecraft:leave_game":1,"minecraft:time_since_death":18575,"minecraft:damage_resisted":392,"minecraft:sprint_one_cm":1185968,"minecraft:drop":253,"minecraft:talked_to_villager":9,"minecraft:play_time":338322,"minecraft:deaths":19,"minecraft:jump":6076,"minecraft:interact_with_brewingstand":1,"minecraft:walk_on_water_one_cm":15733,"minecraft:interact_with_furnace":11,"minecraft:sleep_in_bed":5,"minecraft:damage_dealt":152477,"minecraft:crouch_one_cm":17498,"minecraft:interact_with_smoker":2,"minecraft:inspect_dispenser":4,"minecraft:mob_kills":430,"minecraft:interact_with_anvil":1,"minecraft:climb_one_cm":43557,"minecraft:walk_one_cm":871361,"minecraft:sneak_time":6113,"minecraft:walk_under_water_one_cm":13963,"minecraft:interact_with_blast_furnace":1,"minecraft:total_world_time":338322,"minecraft:tune_noteblock":1,"minecraft:time_since_rest":18602,"minecraft:damage_taken":19313,"minecraft:damage_absorbed":281,"minecraft:swim_one_cm":87497,"minecraft:fly_one_cm":1385939,"minecraft:open_chest":52,"minecraft:fall_one_cm":218274},"minecraft:dropped":{"minecraft:nether_brick_stairs":5,"minecraft:iron_sword":4,"minecraft:porkchop":2,"minecraft:diamond_axe":1,"mythicupgrades:topaz_upgrade_smithing_template":1,"minecraft:glass_bottle":6,"minecraft:decorated_pot":1,"minecraft:crossbow":1,"dungeonnowloading:cobblestone_pebble":2,"majruszsdifficulty:tattered_helmet":2,"minecraft:leather":17,"minecraft:saddle":1,"paraglider:spirit_orb":16,"minecraft:item_frame":1,"minecraft:emerald":11,"minecraft:cyan_terracotta":3,"mythicupgrades:sapphire_potion":1,"minecells:infected_flesh":22,"minecraft:mutton":1,"minecraft:bone_block":1,"minecells:black_bridge_dimensional_rune":1,"minecraft:glistering_melon_slice":2,"minecraft:iron_pickaxe":1,"majruszsdifficulty:tattered_leggings":1,"paraglider:paraglider":1,"minecraft:dark_oak_planks":7,"minecraft:white_wool":1,"minecraft:birch_stairs":6,"farmersdelight:mutton_chops":4,"minecraft:bone":57,"minecraft:gravel":131,"majruszsdifficulty:tattered_chestplate":1,"minecraft:gray_banner":1,"minecraft:netherite_sword":1,"minecells:putrid_planks":18,"minecraft:rotten_flesh":131,"minecraft:oak_planks":162,"simplyswords:diamond_twinblade":4,"vanillatweaks:crafting_pad":2,"minecraft:poppy":1,"minecraft:leather_chestplate":1,"minecraft:tipped_arrow":5,"minecraft:gunpowder":3,"minecraft:melon_seeds":1,"minecraft:stone_brick_wall":1,"minecraft:leather_boots":2,"minecraft:chainmail_boots":1,"minecraft:leather_leggings":1,"immersive_weathering:tallow":49,"minecraft:spruce_slab":9,"minecraft:arrow":1,"minecraft:beef":1,"minecraft:egg":2,"minecraft:iron_ingot":21,"minecraft:bread":49,"minecraft:oak_slab":1,"minecraft:wheat_seeds":5,"minecells:prison_cobblestone":8,"minecells:ramparts_dimensional_rune":1,"minecells:transposition_core":1,"minecraft:mossy_cobblestone":3,"minecraft:oak_fence":1,"minecraft:iron_helmet":2,"minecraft:cobblestone":11,"minecells:greed_shield":1,"minecraft:copper_ingot":1,"minecraft:acacia_log":9,"minecraft:coal":11,"minecraft:stick":18,"minecraft:torch":2,"soulsweapons:guts_sword":1,"minecells:explosive_bulb":2,"minecraft:diamond_helmet":1,"minecraft:iron_leggings":2,"minecraft:oak_stairs":1,"minecells:metal_shards":11,"minecells:molten_chunk":8,"minecraft:polished_andesite_stairs":5,"minecraft:iron_axe":1,"minecells:buzzcutter_fang":9,"minecraft:mossy_cobblestone_stairs":1,"minecraft:iron_shovel":2,"minecraft:string":22,"minecraft:acacia_planks":1,"minecraft:redstone":6,"minecraft:player_head":15,"minecraft:coarse_dirt":3,"minecraft:stone_sword":1,"minecraft:smooth_stone_slab":1,"minecraft:raw_iron":6,"minecraft:wither_skeleton_skull":1,"minecraft:iron_boots":1,"minecraft:name_tag":8,"minecraft:stripped_acacia_wood":5,"dungeonnowloading:spawner_fragment":60,"minecraft:flint_and_steel":2,"minecraft:filled_map":1,"mythicupgrades:zircon_crystal_block":2,"minecraft:shield":2,"minecraft:spruce_planks":6,"minecraft:iron_chestplate":2,"minecraft:andesite":2,"minecraft:cake":2,"minecraft:golden_sword":1,"minecraft:barrel":1,"minecraft:slime_ball":7,"minecraft:bow":2,"minecraft:calcite":5,"minecraft:dark_prismarine":7},"minecraft:broken":{"minecraft:iron_boots":1,"minecraft:iron_leggings":1,"minecraft:wooden_axe":1,"minecraft:leather_boots":1,"minecraft:iron_pickaxe":1,"minecraft:iron_helmet":1},"minecraft:mined":{"dungeonnowloading:spikes":2,"minecells:small_prison_bricks":2,"minecraft:white_bed":1,"minecraft:orange_stained_glass":2,"minecraft:jungle_leaves":3,"mythicupgrades:zircon_crystal_block":2,"minecraft:acacia_log":20,"minecraft:stone_brick_wall":1,"minecraft:grass_block":2,"minecraft:composter":1,"minecraft:spawner":25,"minecraft:smooth_stone":11,"minecraft:mossy_cobblestone_stairs":1,"minecraft:fire":3,"minecraft:iron_ore":8,"minecraft:cobbled_deepslate":4,"minecraft:dirt_path":2,"immersive_weathering:loam":2,"minecraft:player_head":1,"minecells:prison_bricks":2,"dungeonnowloading:cobblestone_pebbles":1,"minecells:putrid_planks":2,"minecraft:torch":7,"immersive_weathering:sandy_dirt":2,"minecraft:calcite":1,"minecraft:polished_andesite_stairs":3,"minecraft:white_stained_glass_pane":2,"minecraft:dead_bush":1,"minecraft:cobblestone":16,"minecraft:cyan_bed":1,"minecraft:oak_planks":2,"minecraft:damaged_anvil":1,"minecraft:wall_torch":1,"minecraft:repeater":2,"minecells:broken_cage":1,"minecraft:tnt":1,"minecraft:smooth_stone_slab":1,"minecraft:potted_poppy":1,"minecraft:oak_log":6,"dungeonnowloading:explosive_barrel":10,"minecraft:dirt":9,"minecells:bloomrock_wilted_grass_block":2,"minecraft:redstone_lamp":8,"minecraft:diamond_ore":6,"minecraft:mossy_cobblestone":5,"minecraft:candle":1,"minecells:prison_cobblestone":11,"minecraft:spruce_fence":1,"minecraft:decorated_pot":2,"minecells:prison_stone":5,"dungeonnowloading:book_pile":1,"minecraft:redstone_wire":1,"minecraft:gray_wall_banner":1,"minecraft:andesite":140,"minecraft:bookshelf":20,"minecraft:deepslate_iron_ore":3,"minecraft:stone":102,"minecraft:bone_block":1,"minecraft:oak_slab":1,"immersive_weathering:icicle":2,"minecraft:crafting_table":2,"minecraft:coarse_dirt":3,"minecraft:coal_ore":134,"minecraft:flower_pot":1,"minecraft:gravel":153,"minecraft:spruce_fence_gate":1,"minecraft:polished_andesite":1,"minecraft:mossy_stone_bricks":3}},"DataVersion":3465}