{"stats":{"minecraft:custom":{"minecraft:jump":147,"minecraft:time_since_rest":17655,"minecraft:interact_with_loom":1,"minecraft:crouch_one_cm":1630,"lootr:looted_stat":19,"minecraft:sprint_one_cm":67345,"minecraft:play_time":17655,"minecraft:walk_on_water_one_cm":167,"minecraft:time_since_death":17655,"minecraft:walk_one_cm":16287,"minecraft:sneak_time":188,"minecraft:climb_one_cm":5051,"minecraft:total_world_time":17655,"minecraft:walk_under_water_one_cm":7184,"minecraft:fly_one_cm":180516},"minecraft:used":{"minecraft:painting":1},"minecraft:picked_up":{"minecraft:painting":2,"minecraft:tripwire_hook":3,"minecraft:wheat_seeds":1}},"DataVersion":3465}