{"stats":{"minecraft:custom":{"minecraft:jump":600,"minecraft:interact_with_brewingstand":1,"minecraft:time_since_rest":42829,"minecraft:interact_with_smithing_table":1,"minecraft:damage_dealt":70,"minecraft:interact_with_loom":1,"minecraft:crouch_one_cm":2601,"lootr:looted_stat":28,"minecraft:sprint_one_cm":158720,"minecraft:play_time":42829,"minecraft:walk_on_water_one_cm":812,"minecraft:time_since_death":42829,"minecraft:walk_one_cm":36816,"minecraft:sneak_time":305,"minecraft:climb_one_cm":5051,"minecraft:total_world_time":42829,"minecraft:walk_under_water_one_cm":7382,"minecraft:interact_with_cartography_table":1,"minecraft:fly_one_cm":558519,"minecraft:leave_game":1},"minecraft:used":{"minecraft:painting":1},"minecraft:picked_up":{"minecraft:painting":2,"minecraft:tripwire_hook":3,"minecraft:wheat_seeds":1}},"DataVersion":3465}